Model,R²,MAE,RMSE
LinearRegression,0.9768956734284633,0.46779844452966096,0.7582152535828937
RidgeRegression,0.976869049783066,0.467850016879371,0.7586519822190528
LassoRegression,0.9768630121798512,0.4678095326161177,0.7587509868156656
DecisionTree,0.9846459567826186,0.086595661566269,0.6180978590312054
RandomForest,0.9817223043724884,0.08510722092539912,0.6743829478582761
XGBRegressor,0.9906795764132522,0.08921439492276148,0.4815747247306311
